<?xml version="1.0" encoding="UTF-8"?>
<jcr:root xmlns:sling="http://sling.apache.org/jcr/sling/1.0" xmlns:cq="http://www.day.com/jcr/cq/1.0" xmlns:jcr="http://www.jcp.org/jcr/1.0" xmlns:nt="http://www.jcp.org/jcr/nt/1.0"
    jcr:primaryType="nt:unstructured"
    jcr:title="User Component"
    sling:resourceType="cq/gui/components/authoring/dialog">
    <content
        jcr:primaryType="nt:unstructured"
        sling:resourceType="granite/ui/components/foundation/container">
        <items jcr:primaryType="nt:unstructured">
            <properties
                jcr:primaryType="nt:unstructured"
                jcr:title="User Properties"
                sling:resourceType="granite/ui/components/foundation/container">
                <items jcr:primaryType="nt:unstructured">
                    <columns
                        jcr:primaryType="nt:unstructured"
                        sling:resourceType="granite/ui/components/foundation/container">
                        <items jcr:primaryType="nt:unstructured">
                            <firstName
                                jcr:primaryType="nt:unstructured"
                                sling:resourceType="granite/ui/components/foundation/form/textfield"
                                class="field-whitespace"
                                fieldDescription="Please enter the first name"
                                fieldLabel="First Name"
                                name="./firstName"/>
                            <lastName
                                jcr:primaryType="nt:unstructured"
                                sling:resourceType="granite/ui/components/foundation/form/textfield"
                                class="field-whitespace"
                                fieldDescription="Please enter the last name"
                                fieldLabel="Last Name"
                                name="./lastName"/>
                            <gender
                                jcr:primaryType="nt:unstructured"
                                sling:resourceType="granite/ui/components/foundation/form/select"
                                fieldDescription="Select your grnder"
                                fieldLabel="gender"
                                name="./gender">
                                <items jcr:primaryType="nt:unstructured">
                                    <male
                                        jcr:primaryType="nt:unstructured"
                                        text="Male"
                                        value="Male"/>
                                    <female
                                        jcr:primaryType="nt:unstructured"
                                        text="Female"
                                        value="Female"/>
                                    <other
                                        jcr:primaryType="nt:unstructured"
                                        text="Other"
                                        value="Other"/>
                                </items>
                            </gender>
                            <country
                                jcr:primaryType="nt:unstructured"
                                sling:resourceType="granite/ui/components/foundation/form/select"
                                fieldDescription="Select your country"
                                fieldLabel="Country"
                                name="./country">
                                <items jcr:primaryType="nt:unstructured">
                                    <option1
                                        jcr:primaryType="nt:unstructured"
                                        text="India"
                                        value="India"/>
                                    <option2
                                        jcr:primaryType="nt:unstructured"
                                        text="Canada"
                                        value="Canada"/>
                                    <option3
                                        jcr:primaryType="nt:unstructured"
                                        text="Israel"
                                        value="Israel"/>
                                    <option4
                                        jcr:primaryType="nt:unstructured"
                                        text="Other"
                                        value="Other"/>
                                </items>
                            </country>
                        </items>
                    </columns>
                </items>
            </properties>
        </items>
    </content>
</jcr:root>
